EMPLOYEE ID,NAME,SALARY
E1006,Employee_403,13144.95
E1020,Employee_7,37965.9
E1023,Employee_495,22403.850000000002
E1024,Employee_204,29685.600000000002
E1026,Employee_164,49670.25
E1028,Employee_98,42765.450000000004
E1033,Employee_198,14998.2
E1038,Employee_36,22057.350000000002
E1039,Employee_327,48304.200000000004
E1044,Employee_534,28356.300000000003
E1054,Employee_152,21443.100000000002
E1093,Employee_176,42212.1
E1098,Employee_277,12874.050000000001
